{"RuleTriggered": 17, "Violations": 17, "Details": {"algo-1": {"cpu": {"p25": 18.936875, "p50": 20.265, "p75": 22.825625, "p95": 33.455625, "upper": 28.658749999999998, "lower": 13.103750000000003}, "gpu0": {"p25": 0.0, "p50": 5.0, "p75": 32.0, "p95": 54.0, "upper": 55.0, "lower": 0.0}, "gpu0_memory": {"p25": 0.0, "p50": 3.0, "p75": 22.0, "p95": 38.0, "upper": 38.0, "lower": 0.0}}, "last_timestamp": 1751585940000000}, "Datapoints": 2971, "RuleParameters": "cpu_threshold_p95:70\ngpu_threshold_p95:70\ngpu_memory_threshold_p95:70\npatience:1000\nwindow:500"}