{"RuleTriggered": 0, "Violations": 0, "Details": {"pin_memory": false, "num_workers": 0, "cores": 8, "dataloaders": 1, "dataloading_time": {"p25": 0.391421, "p50": 0.391421, "p95": 0.391421, "probs": [0, 0, 0, 0, 0, 0, 0, 0, 0, 0, 0, 0, 0, 0, 0, 0, 0, 0, 0, 0, 0, 0, 0, 0, 0, 0, 0, 0, 0, 0, 0, 0, 0, 0, 0, 0, 0, 0, 0, 0, 0, 0, 0, 0, 0, 0, 0, 0, 0, 0, 1, 0, 0, 0, 0, 0, 0, 0, 0, 0, 0, 0, 0, 0, 0, 0, 0, 0, 0, 0, 0, 0, 0, 0, 0, 0, 0, 0, 0, 0, 0, 0, 0, 0, 0, 0, 0, 0, 0, 0, 0, 0, 0, 0, 0, 0, 0, 0, 0, 0], "binedges": [-0.10857899999999998, -0.09857899999999999, -0.08857899999999998, -0.07857899999999998, -0.06857899999999997, -0.05857899999999998, -0.04857899999999998, -0.038578999999999974, -0.02857899999999998, -0.018578999999999984, -0.008578999999999976, 0.0014210000000000195, 0.011421000000000014, 0.021421000000000023, 0.03142100000000003, 0.04142100000000001, 0.05142100000000002, 0.06142100000000003, 0.07142100000000001, 0.08142100000000002, 0.09142100000000003, 0.10142100000000001, 0.11142100000000002, 0.12142100000000003, 0.131421, 0.14142100000000002, 0.15142100000000003, 0.16142100000000004, 0.17142100000000005, 0.181421, 0.191421, 0.20142100000000002, 0.21142100000000003, 0.22142100000000003, 0.23142100000000004, 0.24142100000000005, 0.251421, 0.261421, 0.271421, 0.28142100000000003, 0.29142100000000004, 0.30142100000000005, 0.311421, 0.321421, 0.331421, 0.34142100000000003, 0.35142100000000004, 0.36142100000000005, 0.371421, 0.381421, 0.391421, 0.40142100000000003, 0.41142100000000004, 0.42142100000000005, 0.43142100000000005, 0.44142100000000006, 0.45142100000000007, 0.4614210000000001, 0.471421, 0.481421, 0.491421, 0.501421, 0.511421, 0.521421, 0.531421, 0.541421, 0.551421, 0.5614210000000001, 0.5714210000000001, 0.5814210000000001, 0.5914210000000001, 0.601421, 0.611421, 0.621421, 0.631421, 0.641421, 0.651421, 0.661421, 0.671421, 0.681421, 0.6914210000000001, 0.7014210000000001, 0.7114210000000001, 0.7214210000000001, 0.731421, 0.741421, 0.751421, 0.761421, 0.771421, 0.781421, 0.791421, 0.801421, 0.8114210000000001, 0.8214210000000001, 0.8314210000000001, 0.8414210000000001, 0.851421, 0.861421, 0.871421, 0.881421, 0.891421]}}, "Datapoints": 1, "RuleParameters": "min_threshold:70\nmax_threshold:200"}