{"RuleTriggered": 0, "Violations": 43, "Details": {"low_gpu_utilization": 1602, "bottlenecks": {"1751585990.501405": {"GPUs": 1, "CPUs": 1}, "1751585992.501314": {"GPUs": 1, "CPUs": 1}, "1751585995.501162": {"GPUs": 1, "CPUs": 1}, "1751586004.500601": {"GPUs": 1, "CPUs": 1}, "1751586009.501291": {"GPUs": 1, "CPUs": 1}, "1751586020.501127": {"GPUs": 1, "CPUs": 1}, "1751586024.500604": {"GPUs": 1, "CPUs": 1}, "1751586099.500595": {"GPUs": 1, "CPUs": 1}, "1751586123.501273": {"GPUs": 1, "CPUs": 1}, "1751586129.00097": {"GPUs": 1, "CPUs": 1}, "1751586138.000543": {"GPUs": 1, "CPUs": 1}, "1751586162.501331": {"GPUs": 1, "CPUs": 1}, "1751586199.001226": {"GPUs": 1, "CPUs": 1}, "1751586199.501226": {"GPUs": 1, "CPUs": 1}, "1751586200.000955": {"GPUs": 1, "CPUs": 1}, "1751586204.001254": {"GPUs": 1, "CPUs": 1}, "1751586204.501229": {"GPUs": 1, "CPUs": 1}, "1751586205.001012": {"GPUs": 1, "CPUs": 1}, "1751586205.501025": {"GPUs": 1, "CPUs": 1}, "1751586206.000686": {"GPUs": 1, "CPUs": 1}, "1751586206.500428": {"GPUs": 1, "CPUs": 1}, "1751586207.000733": {"GPUs": 1, "CPUs": 1}, "1751586208.00122": {"GPUs": 1, "CPUs": 1}, "1751586208.501157": {"GPUs": 1, "CPUs": 1}, "1751586211.000547": {"GPUs": 1, "CPUs": 1}, "1751586221.000526": {"GPUs": 1, "CPUs": 1}, "1751586221.500395": {"GPUs": 1, "CPUs": 1}, "1751586222.000691": {"GPUs": 1, "CPUs": 1}, "1751586222.500859": {"GPUs": 1, "CPUs": 1}, "1751586223.00093": {"GPUs": 1, "CPUs": 1}, "1751586224.000607": {"GPUs": 1, "CPUs": 1}, "1751586241.00036": {"GPUs": 1, "CPUs": 1}, "1751586262.00098": {"GPUs": 1, "CPUs": 1}, "1751586262.501303": {"GPUs": 1, "CPUs": 1}, "1751586264.000674": {"GPUs": 1, "CPUs": 1}, "1751586356.000752": {"GPUs": 1, "CPUs": 1}, "1751586448.000479": {"GPUs": 1, "CPUs": 1}, "1751586448.500551": {"GPUs": 1, "CPUs": 1}, "1751586726.501086": {"GPUs": 1, "CPUs": 1}, "1751586727.00134": {"GPUs": 1, "CPUs": 1}, "1751586966.000778": {"GPUs": 1, "CPUs": 1}, "1751587179.500612": {"GPUs": 1, "CPUs": 1}, "1751587184.000798": {"GPUs": 1, "CPUs": 1}}}, "Datapoints": 2973, "RuleParameters": "threshold:50\nio_threshold:50\ngpu_threshold:10\npatience:1000"}