{"RuleTriggered": 0, "Violations": 0, "Details": {"step_num": {"first": 1751586244456218, "last": 1751587430713324}, "job_start": 1751585954.000353, "job_end": 1751587439.501279}, "Datapoints": 3119, "RuleParameters": "threshold:20"}