{"RuleTriggered": 0, "Violations": 0, "Details": {"ratio": {"gpu_functions-dev:0": 50.14042588426844, "cpu_functions": 49.85957411573156}, "phase": {"Step:ModeKeys.TRAIN": 18.646771950883817, "others": 77.47851173535219, "Step:ModeKeys.EVAL": 3.874716313764003}, "phase_time": {}, "CPU": {"aten::conv2d": 15.43676793759157, "aten::convolution": 15.416925546055655, "aten::_convolution": 15.403822605399304, "aten::cudnn_convolution": 15.387015751656246, "aten::to": 9.92761495567697, "aten::copy_": 9.892413856867988, "aten::linear": 4.754807915902792, "aten::addmm": 4.753192675609342, "torch::autograd::AccumulateGrad": 2.544671837477864, "enumerate(DataLoader)#_SingleProcessDataLoaderIter.__next__": 6.482766917762269}, "CPU_total": {"aten::conv2d": 1108606, "aten::convolution": 1107181, "aten::_convolution": 1106240, "aten::cudnn_convolution": 1105033, "aten::to": 712961, "aten::copy_": 710433, "aten::linear": 341471, "aten::addmm": 341355, "torch::autograd::AccumulateGrad": 182748, "enumerate(DataLoader)#_SingleProcessDataLoaderIter.__next__": 465566}, "GPU": {"aten::conv2d": 16.01170383134184, "aten::convolution": 15.99892522820004, "aten::_convolution": 15.99011141487233, "aten::cudnn_convolution": 15.976334483360077, "aten::to": 9.831295341043948, "aten::copy_": 9.813311168541935, "aten::linear": 4.870002671241483, "aten::addmm": 4.868376822181032, "enumerate(DataLoader)#_SingleProcessDataLoaderIter.__next__": 6.639939039217335}, "GPU_total": {"aten::conv2d": 1122696, "aten::convolution": 1121800, "aten::_convolution": 1121182, "aten::cudnn_convolution": 1120216, "aten::to": 689343, "aten::copy_": 688082, "aten::linear": 341471, "aten::addmm": 341357, "enumerate(DataLoader)#_SingleProcessDataLoaderIter.__next__": 465574}, "general": {"DataLoaderIterInitialize": 0.0018036751288012336, "DataLoaderIter": 0.2586067115716145, "Forward": 99.73958961329959}}, "Datapoints": 0, "RuleParameters": ""}