{"RuleTriggered": 0, "Violations": 0, "Details": {"step_details": {"algo-1-40": {"step_stats": {"mean": 0.043381449081803, "max": 3.84652, "p99": 0.039081359999999996, "p95": 0.035911200000000004, "p50": 0.030291, "min": 0.025408}, "number_of_outliers": 2, "phase": "Step:ModeKeys.EVAL", "stddev": 0.22, "probs": [5, 1, 1, 0, 0, 0, 0, 1, 0, 0, 0, 0, 0, 0, 0, 0, 0, 0, 0, 0, 0, 0, 0, 6, 15, 50, 61, 73, 62, 55, 41, 53, 27, 30, 9, 13, 9, 7, 1, 4, 3, 3, 1, 1, 3, 2, 2, 0, 1, 5, 0, 0, 3, 3, 5, 4, 1, 0, 1, 1, 1, 1, 4, 1, 1, 0, 1, 0, 1, 1, 0, 2, 0, 0, 3, 2, 4, 2, 1, 2, 1, 1, 1, 1, 0, 0, 0, 0, 0, 0, 0, 1, 0, 0, 0, 0, 1, 0, 0, 1], "binedges": [0.025408, 0.02557467, 0.02574134, 0.02590801, 0.02607468, 0.02624135, 0.02640802, 0.02657469, 0.02674136, 0.02690803, 0.0270747, 0.02724137, 0.02740804, 0.02757471, 0.02774138, 0.02790805, 0.02807472, 0.028241389999999998, 0.02840806, 0.02857473, 0.0287414, 0.02890807, 0.02907474, 0.02924141, 0.02940808, 0.02957475, 0.02974142, 0.02990809, 0.03007476, 0.03024143, 0.0304081, 0.03057477, 0.030741440000000002, 0.03090811, 0.03107478, 0.03124145, 0.03140812, 0.03157479, 0.03174146, 0.03190813, 0.0320748, 0.03224147, 0.03240814, 0.03257481, 0.03274148, 0.03290815, 0.03307482, 0.03324149, 0.03340816, 0.03357483, 0.0337415, 0.03390817, 0.03407484, 0.03424151, 0.03440818, 0.034574850000000004, 0.03474152, 0.03490819, 0.03507486, 0.03524153, 0.0354082, 0.03557487, 0.03574154, 0.035908209999999996, 0.036074880000000004, 0.03624155, 0.03640822, 0.03657489, 0.03674156, 0.03690823, 0.0370749, 0.03724157, 0.03740824, 0.03757491, 0.03774158, 0.037908250000000004, 0.03807492, 0.03824159, 0.03840826, 0.03857493, 0.0387416, 0.03890827, 0.03907494, 0.039241609999999996, 0.039408280000000004, 0.03957495, 0.03974162, 0.03990829, 0.04007496, 0.04024163, 0.0404083, 0.04057497, 0.04074164, 0.04090831, 0.04107498, 0.041241650000000005, 0.04140832, 0.04157499, 0.04174166, 0.04190833, 0.042075], "step_numbers": ["0", "500"]}}}, "Datapoints": 3119, "RuleParameters": "threshold:3\nmode:None\nn_outliers:10\nstddev:3"}